device_id,user_id,network,device_type,firmware_version,location
d_f4abcb9e,89a25ef6,tuya,fan,1.0.3,Office
d_212b804b,2f555493,tuya,smart_plug,1.0.0,
d_32b272b3,f41317b2,tuya,heater,3.5.beta,
d_f6fe781d,ee413bc3,tuya,fan,3.5.beta,
d_8555efd8,cd6e76a2,tuya,smart_bulb,3.5.beta,Home
d_1f6189fc,,tuya,fan,1.0.0,Office
d_a28ce176,97a2a6ab,ayla,door_sensor,1.0.3,
d_7e436e8d,391c65f2,tuya,smart_plug,1.0.0,
d_91de0799,17c9160d,ayla,door_sensor,2.1.0,Cottage
d_4820ad89,f7c59866,ayla,legrand_switch,3.5.beta,Cottage
d_93382da6,9b852022,tuya,fan,2.1.0,Cottage
d_f62d98d7,,tuya,heater,2.1.0,Cottage
d_05394f94,b24b7cce,ayla,door_sensor,2.1.0,Office
d_4a6e5cc8,b24b7cce,ayla,thermostat,3.5.beta,Cottage
d_e6c262f2,5a19fbf1,ayla,door_sensor,3.5.beta,Office
d_0411e3ee,,ayla,door_sensor,1.0.0,
d_921a2807,9b852022,ayla,legrand_switch,2.1.0,Cottage
d_1258926e,f5289e4e,ayla,door_sensor,1.0.3,Home
d_153afbc7,e09234b8,tuya,fan,3.5.beta,
d_1f43930f,9147a6a3,ayla,legrand_switch,3.5.beta,Office
d_4fd651fd,cd5c04d0,tuya,heater,1.0.3,
d_422e710e,f5289e4e,ayla,window_sensor,3.5.beta,
d_a4a8c9f2,76c88cbb,ayla,thermostat,2.1.0,Cottage
d_45c99d45,50f11559,tuya,heater,2.1.0,
d_b1698ce8,2b1e3ce2,ayla,door_sensor,1.0.0,Office
d_87cfe321,,ayla,door_sensor,2.1.0,Home
d_709c6d18,,tuya,fan,1.0.0,Home
d_22d5c553,74fa4924,tuya,smart_plug,1.0.3,Home
d_9e15b8b7,76c88cbb,tuya,fan,3.5.beta,Home
d_008e3f16,f86f98ab,tuya,fan,1.0.0,
d_1bd3a5bd,c010d249,tuya,fan,1.0.3,Office
d_c561e584,9882c351,ayla,thermostat,3.5.beta,
d_1e095fa2,45f415fb,ayla,window_sensor,1.0.3,Home
d_85e09d36,,tuya,fan,3.5.beta,Home
d_86d9c041,7a87edf5,ayla,thermostat,3.5.beta,Cottage
d_b1d26b3e,f919ed5a,ayla,door_sensor,1.0.0,
d_2ddf47eb,2959ec91,ayla,window_sensor,1.0.0,Cottage
d_502f0068,d31aa0e7,ayla,window_sensor,1.0.3,Cottage
d_c5c00b70,50f11559,tuya,smart_plug,1.0.0,Home
d_3bef79e1,c829f842,ayla,door_sensor,3.5.beta,Cottage
d_7cb00dfe,06fe2c2d,ayla,door_sensor,1.0.0,Office
d_662ff082,1b8fab84,tuya,smart_bulb,1.0.3,Office
d_6c8667c7,e1b9183b,ayla,thermostat,1.0.0,Home
d_8b079322,f5289e4e,tuya,smart_plug,1.0.0,Office
d_8406c179,5d06a59a,tuya,heater,3.5.beta,Home
d_94500214,19ffed8f,ayla,thermostat,2.1.0,Home
d_c6ddd73a,9b852022,tuya,fan,2.1.0,Office
d_84b2671b,5a19fbf1,tuya,fan,2.1.0,
d_d5df407c,5d06a59a,tuya,fan,3.5.beta,Home
d_a0eb07dd,2959ec91,tuya,fan,1.0.0,
d_eb39fd8d,a1b837b7,ayla,legrand_switch,1.0.0,Office
d_2a43d66b,c829f842,tuya,fan,1.0.3,Office
d_7b52892a,3befc605,tuya,heater,2.1.0,Office
d_8230035a,739b720a,tuya,fan,3.5.beta,Home
d_5820cb8b,86710126,ayla,window_sensor,1.0.3,Office
d_363ea691,8d3a40df,tuya,smart_plug,1.0.3,Home
d_cbc4229e,33b1ad0b,ayla,window_sensor,1.0.3,Home
d_f2648ce0,a917e92b,tuya,smart_bulb,3.5.beta,Home
d_c73beb7e,9a24f566,ayla,thermostat,1.0.3,Office
d_42aab251,fd9bf0ca,ayla,thermostat,2.1.0,
d_d03cefa2,699dcee0,ayla,window_sensor,1.0.3,Cottage
d_1eba06ff,f7d20740,ayla,window_sensor,1.0.3,Home
d_2fdcd096,3e1dad05,ayla,legrand_switch,1.0.3,Home
d_733880f0,1535a5de,ayla,thermostat,3.5.beta,Cottage
d_dc317d0f,0aa3325c,tuya,heater,2.1.0,
d_be3e3a29,8133c11e,tuya,smart_plug,3.5.beta,Office
d_c8f293e7,72ea4ce6,tuya,smart_bulb,3.5.beta,
d_8020fc84,25e709fc,tuya,heater,2.1.0,Home
d_f1e8f173,,tuya,heater,1.0.0,Cottage
d_3cf7c00e,dd72bbd5,ayla,thermostat,2.1.0,Cottage
d_1a842b2c,2386e2a0,ayla,door_sensor,3.5.beta,Home
d_fd78fb46,658b7250,tuya,smart_bulb,2.1.0,Home
d_180ac16c,bae9eede,ayla,door_sensor,1.0.3,Cottage
d_417e9e87,5b297ef3,tuya,fan,3.5.beta,Cottage
d_124b2cf3,ee413bc3,ayla,door_sensor,3.5.beta,Home
d_ad5e8078,,tuya,fan,2.1.0,Cottage
d_fa6df1a2,f86f98ab,tuya,smart_plug,1.0.3,Cottage
d_258ad071,f41317b2,ayla,door_sensor,2.1.0,Cottage
d_a0758489,,tuya,fan,2.1.0,Cottage
d_399b0f0e,e1b9183b,tuya,smart_plug,3.5.beta,Home
d_1fceba8e,658b7250,ayla,thermostat,1.0.0,Office
d_9ebb9cff,97a2a6ab,ayla,thermostat,1.0.3,Home
d_07ed2b70,725c73bb,ayla,window_sensor,3.5.beta,Home
d_699bd5a5,4bb01159,ayla,legrand_switch,1.0.3,Office
d_5930f8be,f7c59866,tuya,smart_bulb,1.0.3,Home
d_dc429d8e,74fa4924,tuya,heater,3.5.beta,Office
d_416c4d38,848cc33b,ayla,thermostat,2.1.0,Cottage
d_4c318695,725c73bb,ayla,door_sensor,3.5.beta,Office
d_b669234a,afb63c59,tuya,smart_bulb,2.1.0,Cottage
d_c05fbc1f,a55806bf,tuya,heater,3.5.beta,Cottage
d_f909abf0,548d75a4,ayla,thermostat,1.0.0,
d_5df32de9,0e895f73,tuya,fan,3.5.beta,
d_ee7af50f,19ffed8f,ayla,door_sensor,2.1.0,Home
d_79213188,c61d2508,ayla,window_sensor,3.5.beta,
d_baa69c58,0c005a49,tuya,fan,1.0.3,Office
d_14f93de5,739b720a,tuya,smart_plug,3.5.beta,Home
d_f53285e4,8c8fad5b,tuya,heater,2.1.0,Office
d_e833ef99,cf4f2379,tuya,smart_plug,1.0.0,
d_89f4bcc3,624911dd,tuya,smart_plug,2.1.0,Home
d_13a3e0c6,5a19fbf1,tuya,smart_bulb,1.0.3,Office
d_4f73700b,eda74774,tuya,smart_bulb,1.0.3,Home
d_8634ba49,5b297ef3,tuya,fan,1.0.3,Cottage
d_d264a31e,0c005a49,ayla,door_sensor,1.0.3,Home
d_981936e3,c010d249,ayla,thermostat,2.1.0,Home
d_f12edd79,6b714ba1,ayla,legrand_switch,1.0.0,
d_7de02746,0675a6bc,tuya,smart_bulb,1.0.3,Cottage
d_7b1d458d,2f555493,ayla,door_sensor,3.5.beta,
d_147d7bc3,9147a6a3,tuya,fan,1.0.0,Cottage
d_e3aafca7,bae9eede,tuya,fan,2.1.0,Office
d_4a8eff9a,,tuya,smart_plug,3.5.beta,Office
d_676ba966,c415d264,ayla,thermostat,2.1.0,Office
d_b9399280,a37c5cb4,ayla,legrand_switch,1.0.0,Cottage
d_bf485e6b,1bc42251,tuya,fan,1.0.0,Home
d_2f531527,1bc42251,tuya,heater,1.0.3,
d_eade2b1e,97a2a6ab,tuya,fan,1.0.0,
d_e3a9f85f,f7c59866,ayla,thermostat,2.1.0,Home
d_41547cfb,985c9ce2,tuya,fan,2.1.0,
d_b3a908ed,19ffed8f,ayla,thermostat,2.1.0,Office
d_ebfa72ec,0675a6bc,tuya,fan,3.5.beta,
d_5fd165a7,50f11559,tuya,smart_bulb,1.0.0,Cottage
d_b7443035,c415d264,tuya,heater,2.1.0,
d_486e7896,e833fb7f,tuya,fan,3.5.beta,Home
d_d497ab33,658b7250,tuya,smart_bulb,2.1.0,
d_728802ab,2f555493,ayla,legrand_switch,1.0.0,Cottage
d_0aeb67bd,d6092c25,tuya,heater,1.0.0,Office
d_3a022f0b,9147a6a3,tuya,smart_plug,1.0.3,Cottage
d_e153f829,9b852022,ayla,thermostat,1.0.3,
d_53e50bd1,9147a6a3,ayla,thermostat,1.0.0,Office
d_99c7364f,d31aa0e7,tuya,fan,1.0.3,Home
d_4347b61e,391c65f2,tuya,smart_bulb,2.1.0,Cottage
d_855a153a,97a2a6ab,tuya,heater,3.5.beta,Office
d_bede618d,0aa3325c,tuya,fan,1.0.0,Office
d_c4098d69,5b297ef3,tuya,smart_plug,1.0.0,Home
d_8b2d951e,f5289e4e,tuya,smart_plug,3.5.beta,Cottage
d_c33bc02c,f7d20740,tuya,smart_bulb,1.0.3,
d_d5ec0b07,51a7765c,ayla,thermostat,3.5.beta,Cottage
d_233f2b18,3e1dad05,ayla,window_sensor,1.0.3,Office
d_48c79ec6,1a73bb52,tuya,smart_bulb,1.0.0,Home
d_380eb0c0,afb63c59,tuya,smart_bulb,2.1.0,Home
d_5e25b09f,51a7765c,ayla,window_sensor,1.0.3,Cottage
d_fffd5160,d6559f9f,tuya,smart_bulb,2.1.0,
d_93d794a3,8c8fad5b,tuya,fan,2.1.0,Cottage
d_bb317df2,e983f843,ayla,door_sensor,3.5.beta,
d_903dc414,548d75a4,ayla,thermostat,1.0.0,Home
d_b87ea334,6d87fa3e,ayla,door_sensor,1.0.3,Cottage
d_c5859fb6,2386e2a0,tuya,heater,2.1.0,Cottage
d_fb278137,b5a2048e,ayla,window_sensor,2.1.0,Home
d_b3dbffe2,72ea4ce6,ayla,legrand_switch,1.0.0,Home
d_cb93116e,5a19fbf1,tuya,heater,2.1.0,Home
d_ee529c88,46b452d6,tuya,smart_bulb,2.1.0,
d_c050c630,d6092c25,ayla,window_sensor,1.0.0,Office
d_c3644e9b,5a19fbf1,tuya,fan,1.0.0,Office
d_556d7e9f,f7d20740,tuya,heater,2.1.0,
d_c89a0950,cee35935,ayla,door_sensor,2.1.0,Office
d_21818738,76b7be94,ayla,thermostat,3.5.beta,
d_5e7c8a64,c61d2508,tuya,smart_plug,1.0.0,
d_54b36752,2386e2a0,tuya,smart_bulb,1.0.0,
d_b7edddc2,dd72bbd5,tuya,heater,2.1.0,
d_a0fd2de5,f86f98ab,tuya,heater,2.1.0,Office
d_6c918841,,ayla,door_sensor,1.0.3,
d_09e834ec,25e709fc,tuya,heater,2.1.0,Home
d_780c7cda,548d75a4,ayla,window_sensor,1.0.0,Home
d_354f8d61,33b1ad0b,ayla,window_sensor,1.0.3,Home
d_98adb6b5,,ayla,door_sensor,1.0.0,
d_cc60ee82,ee413bc3,ayla,legrand_switch,1.0.0,
d_321a8753,40611dad,ayla,thermostat,3.5.beta,Cottage
d_7c3617c0,1b8fab84,ayla,thermostat,3.5.beta,Cottage
d_64113c43,ea419eb2,tuya,smart_bulb,1.0.0,Home
d_86719b28,725c73bb,tuya,heater,1.0.0,
d_664e01b3,b4c6a76d,tuya,heater,3.5.beta,Cottage
d_cbdac266,19ffed8f,ayla,window_sensor,1.0.0,Home
d_88a3d93b,1b8fab84,ayla,legrand_switch,1.0.3,Office
d_588bffde,cd6e76a2,tuya,fan,1.0.0,Home
d_893b25e1,1bc42251,tuya,heater,2.1.0,
d_5cbedb03,658b7250,ayla,door_sensor,1.0.3,Home
d_37b43b0f,9438437a,ayla,thermostat,3.5.beta,Cottage
d_535956f5,7994ea81,tuya,smart_plug,1.0.3,Office
d_a878679a,a1b837b7,ayla,window_sensor,2.1.0,Cottage
d_4081086d,658b7250,ayla,thermostat,1.0.0,Cottage
d_d2fdac1a,391c65f2,ayla,legrand_switch,3.5.beta,
d_e1e08916,ea419eb2,ayla,window_sensor,1.0.3,
d_c36eca44,eda74774,ayla,thermostat,3.5.beta,Home
d_d12db4d6,2f555493,tuya,fan,1.0.0,Home
d_4ad14f54,9a24f566,ayla,thermostat,3.5.beta,Cottage
d_7d0b1c82,d8244633,ayla,door_sensor,3.5.beta,Office
d_3cd8afcc,a1b837b7,ayla,legrand_switch,2.1.0,
d_8cc70ad2,3a52e47a,ayla,door_sensor,3.5.beta,
d_38210fc6,b24b7cce,tuya,smart_plug,3.5.beta,Office
d_f98d0b2c,985c9ce2,tuya,smart_bulb,1.0.0,
d_29241faa,699dcee0,ayla,legrand_switch,1.0.0,
d_d5d0f08b,f919ed5a,tuya,smart_plug,1.0.0,Home
d_52b4449b,725c73bb,tuya,smart_plug,1.0.3,Home
d_80f6c917,0c005a49,ayla,door_sensor,1.0.3,Home
d_4306539f,45f415fb,ayla,door_sensor,3.5.beta,Home
d_1b4dc438,6d87fa3e,ayla,door_sensor,1.0.0,
d_bcf748c8,e983f843,tuya,smart_plug,3.5.beta,
d_71bbfcf7,0675a6bc,ayla,legrand_switch,1.0.0,Cottage
d_eb191d15,b3f885ed,ayla,window_sensor,3.5.beta,
d_1d982cc0,7c0627b7,tuya,heater,3.5.beta,
d_ea332c0d,cee35935,ayla,door_sensor,3.5.beta,Cottage
d_db118ec1,dd72bbd5,ayla,window_sensor,1.0.0,Cottage
d_1b4be615,,ayla,thermostat,2.1.0,
d_9bfe5cd1,2f555493,tuya,fan,1.0.3,Office
d_c5b16baf,3a52e47a,ayla,legrand_switch,1.0.0,
d_8c76e93e,51a7765c,tuya,fan,1.0.3,Office
d_a747bd2e,dd72bbd5,ayla,thermostat,1.0.0,
d_c477da5b,8d3a40df,tuya,smart_bulb,3.5.beta,Cottage
d_0e13a445,c829f842,tuya,heater,1.0.3,
d_57ae2746,1887599d,ayla,thermostat,3.5.beta,Cottage
d_515e92b1,0aa3325c,ayla,thermostat,1.0.3,Home
d_75468624,7a87edf5,tuya,heater,1.0.3,
d_58311d7d,3087c062,ayla,door_sensor,2.1.0,Cottage
d_d7534895,f919ed5a,ayla,legrand_switch,2.1.0,Home
d_961731d5,46b452d6,ayla,window_sensor,3.5.beta,Office
d_a5f3d5ac,97a2a6ab,ayla,window_sensor,1.0.3,Home
d_c4ba39ba,fd9bf0ca,tuya,smart_bulb,1.0.0,
d_14981c3b,45f415fb,ayla,thermostat,1.0.0,Home
d_250e50e2,3e486dc2,tuya,smart_bulb,3.5.beta,Home
d_813d764e,2959ec91,ayla,legrand_switch,2.1.0,Home
d_c2af83e7,9a24f566,tuya,smart_bulb,3.5.beta,Office
d_dd7a6ca5,624911dd,ayla,legrand_switch,2.1.0,Office
d_b5e313de,a55806bf,ayla,thermostat,2.1.0,Home
d_6c90f7f7,2b1e3ce2,ayla,legrand_switch,2.1.0,Office
d_ef356405,8c8fad5b,tuya,smart_bulb,3.5.beta,Office
d_c502af31,a4a70166,tuya,smart_plug,1.0.0,Office
d_82425990,7c0627b7,ayla,thermostat,1.0.3,
d_8c2b2ac5,9b543594,ayla,door_sensor,2.1.0,Office
d_d8e99313,a19303de,tuya,fan,2.1.0,
d_52bc5690,25e709fc,tuya,fan,1.0.3,Office
d_fad0113a,a55806bf,tuya,fan,1.0.3,Office
d_8ad87000,33b1ad0b,ayla,legrand_switch,1.0.0,Home
d_0a8c4208,e833fb7f,tuya,smart_bulb,1.0.3,Cottage
d_d5a3a289,c08c6923,tuya,smart_bulb,1.0.0,Cottage
d_68c77c81,3e486dc2,tuya,heater,3.5.beta,
d_756556d6,,tuya,fan,1.0.3,Cottage
d_1d73154f,42bfb6f9,ayla,window_sensor,1.0.3,
d_581e8533,a66a0e16,ayla,door_sensor,2.1.0,Cottage
d_a5b64a85,fd9bf0ca,tuya,smart_bulb,3.5.beta,Cottage
d_33eb49fb,a37c5cb4,ayla,window_sensor,3.5.beta,Home
d_029c7733,,tuya,smart_plug,3.5.beta,Home
d_e3c88ca4,dd72bbd5,ayla,legrand_switch,2.1.0,Home
d_0ef4eca8,cd5c04d0,ayla,thermostat,1.0.0,Cottage
d_b27b3b90,7994ea81,ayla,window_sensor,1.0.0,
d_65faddfc,2386e2a0,ayla,door_sensor,1.0.0,Cottage
d_5a6c009a,,ayla,window_sensor,2.1.0,Home
d_332b8bec,376835df,tuya,smart_bulb,1.0.0,Cottage
d_d04ef2c2,3087c062,tuya,smart_bulb,2.1.0,Home
d_2e0bd779,,ayla,thermostat,1.0.0,
d_fddd9d33,33b1ad0b,ayla,window_sensor,3.5.beta,Cottage
d_0718f487,e833fb7f,ayla,thermostat,1.0.3,Cottage
d_f801c3e3,d31aa0e7,tuya,smart_bulb,1.0.0,Home
d_bcd2ae00,76b7be94,ayla,legrand_switch,2.1.0,Cottage
d_2ea8a7b6,,tuya,smart_plug,3.5.beta,Cottage
d_2a7fb2f9,9a24f566,ayla,thermostat,1.0.3,
d_cede2851,8d3a40df,ayla,door_sensor,1.0.3,Cottage
d_6754bfd4,a4a70166,tuya,heater,1.0.3,Cottage
d_3a281f0f,e2f07843,tuya,smart_bulb,2.1.0,Office
d_8e0a239a,50f11559,tuya,heater,1.0.3,Home
d_f1f32103,b4c6a76d,ayla,window_sensor,3.5.beta,
d_8b81f2f2,0675a6bc,tuya,fan,3.5.beta,Office
d_ed948d0c,e833fb7f,tuya,smart_bulb,2.1.0,Cottage
d_5c5ecf58,a917e92b,ayla,thermostat,2.1.0,Office
d_d090a20f,45f415fb,tuya,fan,1.0.0,Office
d_491884a6,afb63c59,ayla,legrand_switch,3.5.beta,Cottage
d_2fd502d9,f7d20740,tuya,smart_bulb,1.0.3,Office
d_d71348b7,739b720a,ayla,door_sensor,1.0.0,Office
d_f09c9250,0675a6bc,ayla,thermostat,2.1.0,Office
d_c053057f,0c005a49,tuya,smart_bulb,1.0.3,Cottage
d_553e15d1,50f11559,ayla,legrand_switch,2.1.0,
d_6adf5f39,2386e2a0,tuya,smart_bulb,1.0.0,
d_414d391c,e09234b8,ayla,legrand_switch,2.1.0,Office
d_f76708d7,9a24f566,tuya,smart_plug,2.1.0,Office
d_5266a547,eda74774,ayla,thermostat,2.1.0,Cottage
d_6d5278d4,7c0627b7,ayla,thermostat,1.0.3,Home
d_7ea3fd00,b126e4f6,ayla,thermostat,2.1.0,
d_3af2c39d,a917e92b,tuya,heater,3.5.beta,Office
d_761bc793,a66a0e16,tuya,smart_bulb,2.1.0,Home
d_4946cfff,e833fb7f,tuya,heater,1.0.0,Home
d_0c9fc5c2,cd5c04d0,tuya,smart_bulb,2.1.0,Home
d_2cd81487,739b720a,ayla,thermostat,3.5.beta,Home
d_ef786bde,3e1dad05,tuya,heater,2.1.0,Home
d_ec7c6ceb,1887599d,ayla,thermostat,1.0.3,Home
d_636f53dd,46b452d6,ayla,legrand_switch,1.0.0,Home
d_3304d6c0,8133c11e,tuya,smart_bulb,1.0.0,Cottage
d_f1c4c355,3262639b,tuya,heater,2.1.0,
d_b57e9ce0,f5289e4e,ayla,legrand_switch,1.0.0,Home
d_056bd7b2,e983f843,tuya,heater,1.0.0,Office
d_b30e51b0,f41317b2,tuya,smart_plug,2.1.0,Cottage
d_9853578f,ee413bc3,tuya,smart_bulb,1.0.0,
d_5d3c7000,c08c6923,ayla,thermostat,1.0.3,
d_75e0d4e0,3a52e47a,tuya,heater,3.5.beta,Home
d_f36d8067,cee35935,ayla,window_sensor,1.0.0,Home
d_7f6727b5,624911dd,tuya,heater,2.1.0,Cottage
d_69fdfae3,739b720a,tuya,smart_bulb,2.1.0,Home
d_ca9876a7,e833fb7f,ayla,window_sensor,3.5.beta,Cottage
d_1c268734,4bb01159,tuya,heater,2.1.0,Cottage
d_5535b73d,e983f843,tuya,smart_plug,3.5.beta,Home
d_0f11981c,f1dd5bd7,tuya,heater,1.0.3,Home
d_50921a80,b4c6a76d,ayla,window_sensor,1.0.0,Cottage
d_0a8011a9,ea303154,ayla,door_sensor,2.1.0,Office
d_c08dce29,ea303154,tuya,heater,3.5.beta,Cottage
d_b5bc32e2,a19303de,ayla,legrand_switch,1.0.3,Cottage
d_9efc3338,b24b7cce,ayla,thermostat,3.5.beta,Cottage
d_2b6b80d3,06fe2c2d,ayla,window_sensor,1.0.0,Home
d_7c5d9524,6d87fa3e,ayla,window_sensor,2.1.0,Home
d_5c7b3f4e,0c005a49,tuya,fan,2.1.0,Home
d_7366b751,f86f98ab,ayla,legrand_switch,3.5.beta,Cottage
d_871a0d7b,7994ea81,tuya,smart_plug,2.1.0,Home
d_80abeb1d,86710126,tuya,fan,3.5.beta,Cottage
d_7b7f7305,1535a5de,tuya,fan,3.5.beta,Home
d_e55d7bd8,d6559f9f,tuya,fan,1.0.0,Office
d_0e14d5e2,3262639b,ayla,thermostat,1.0.3,Office
d_a6990287,a4a70166,tuya,heater,3.5.beta,Office
d_943d8688,c61d2508,tuya,smart_bulb,3.5.beta,Cottage
d_8fde21c1,7a87edf5,tuya,smart_plug,1.0.3,Home
d_7a84e229,d6092c25,tuya,heater,2.1.0,Home
d_d3e8f7e6,9a24f566,tuya,heater,1.0.0,
d_61493a15,4de56d06,tuya,fan,2.1.0,Home
d_45ceb870,,tuya,fan,1.0.0,Home
d_892156e7,06057f0d,tuya,fan,2.1.0,Cottage
d_be0fe25f,ea419eb2,tuya,smart_plug,1.0.0,Cottage
d_7c8da7cd,e1b9183b,ayla,legrand_switch,1.0.0,Cottage
d_0a5d1ed3,0675a6bc,ayla,window_sensor,1.0.3,
d_c28cd91f,4de56d06,tuya,fan,3.5.beta,Cottage
d_db3d225f,2386e2a0,ayla,window_sensor,1.0.0,Cottage
d_208869a9,2959ec91,tuya,fan,3.5.beta,Office
d_9249e596,b4c6a76d,ayla,thermostat,3.5.beta,Cottage
d_34cd2db3,8d3a40df,ayla,window_sensor,1.0.3,Cottage
d_137be31d,a66a0e16,ayla,thermostat,1.0.3,Home
d_f4b227f4,6d87fa3e,tuya,smart_bulb,1.0.3,Cottage
d_004a8445,5d06a59a,tuya,heater,1.0.3,
d_6217779c,5b297ef3,tuya,heater,2.1.0,Cottage
d_5255d2bd,2386e2a0,tuya,smart_plug,3.5.beta,Home
d_35c2bf8c,a37c5cb4,tuya,smart_bulb,3.5.beta,Cottage
d_a8703581,a66a0e16,ayla,door_sensor,1.0.0,Office
d_2feae81a,0675a6bc,tuya,fan,1.0.3,Cottage
d_7495d48e,a148fb65,ayla,legrand_switch,3.5.beta,Home
d_e88067e8,ea303154,tuya,heater,1.0.0,Home
d_1cc6e32a,86710126,tuya,heater,3.5.beta,Home
d_ba2721c6,e983f843,ayla,thermostat,3.5.beta,Office
d_a90ac70c,a66a0e16,ayla,door_sensor,2.1.0,
d_94eccdc2,c08c6923,tuya,smart_plug,3.5.beta,Office
d_32e72513,1bc42251,ayla,thermostat,1.0.3,
d_4e098c55,8d3a40df,tuya,heater,2.1.0,Home
d_79181460,a37c5cb4,ayla,thermostat,3.5.beta,
d_0505afb3,739b720a,ayla,window_sensor,1.0.0,Office
d_4f395d5e,a66a0e16,ayla,thermostat,3.5.beta,Office
d_eb727fa3,5b297ef3,ayla,window_sensor,1.0.0,Office
d_98af36d7,9438437a,tuya,smart_bulb,1.0.0,Office
d_73bb3e0d,25e709fc,tuya,smart_plug,2.1.0,Cottage
d_e5c5cbd6,5b297ef3,ayla,door_sensor,3.5.beta,Cottage
d_f8628e23,a55806bf,ayla,legrand_switch,2.1.0,Office
d_2400c252,3e486dc2,ayla,thermostat,3.5.beta,
d_e9e5b565,b4c6a76d,ayla,window_sensor,2.1.0,
d_eac249b0,25e709fc,tuya,smart_plug,2.1.0,
d_49f73bce,9bf8d883,tuya,smart_plug,1.0.3,
d_f7da1d39,5b297ef3,tuya,heater,1.0.0,
d_6033897e,,tuya,heater,1.0.3,Home
d_bd443719,624911dd,tuya,heater,1.0.3,
d_82dd0625,739b720a,ayla,thermostat,2.1.0,Cottage
d_c4431a0f,86710126,tuya,smart_plug,1.0.3,Office
d_1043471d,e1b9183b,ayla,door_sensor,3.5.beta,Cottage
d_8656f498,3fa675bb,ayla,legrand_switch,1.0.0,
d_51b9d0c0,f20d90eb,ayla,thermostat,1.0.0,Home
d_5acc93a8,a19303de,ayla,thermostat,3.5.beta,Home
d_fa979543,c08c6923,ayla,door_sensor,1.0.3,Home
d_dd0d680d,f5289e4e,ayla,window_sensor,3.5.beta,Home
d_3d31a3d6,51a7765c,ayla,thermostat,1.0.0,Cottage
d_20298c7d,9147a6a3,tuya,smart_bulb,1.0.0,Home
d_a4e191ce,,tuya,heater,1.0.0,Office
d_93341a18,4f7b62e8,tuya,smart_bulb,1.0.0,Cottage
d_72aa36ce,f41317b2,ayla,thermostat,1.0.3,Home
d_ec0c8a6d,76b7be94,ayla,window_sensor,2.1.0,
d_1c8085ef,b126e4f6,ayla,window_sensor,2.1.0,Cottage
d_959619f6,76c88cbb,ayla,legrand_switch,1.0.0,Cottage
d_3247b88d,c010d249,ayla,door_sensor,1.0.3,
d_dc66f941,,tuya,fan,2.1.0,Cottage
d_75c94d95,76b7be94,tuya,smart_plug,2.1.0,Home
d_2b14684d,a19303de,tuya,smart_bulb,2.1.0,Office
d_2525edbb,9147a6a3,tuya,smart_bulb,1.0.0,
d_b9b70e47,699dcee0,ayla,window_sensor,1.0.3,
d_a14584a5,97a2a6ab,ayla,window_sensor,1.0.3,
d_5da15233,391c65f2,ayla,legrand_switch,1.0.3,Cottage
d_a0218479,bae9eede,tuya,smart_bulb,2.1.0,Cottage
d_29401393,2386e2a0,tuya,heater,1.0.0,Home
d_80c11972,06057f0d,ayla,legrand_switch,1.0.3,
d_21a36f36,1535a5de,ayla,door_sensor,1.0.3,Office
d_d1c88877,9bf8d883,ayla,window_sensor,1.0.0,Cottage
d_2128c0f7,,ayla,legrand_switch,1.0.3,Home
d_de3f2763,1bc42251,tuya,smart_bulb,1.0.0,Cottage
d_cc33f9b9,f7d20740,tuya,smart_plug,1.0.3,Office
d_26213c2d,f5289e4e,tuya,smart_bulb,3.5.beta,Home
d_73bf4c3f,06057f0d,ayla,thermostat,1.0.3,Office
d_c6ddbe47,b5a2048e,tuya,smart_plug,1.0.3,
d_59882e5d,56afd50c,ayla,legrand_switch,1.0.0,Home
d_d83dcbd0,739b720a,ayla,thermostat,1.0.3,
d_03207239,f919ed5a,tuya,smart_plug,1.0.3,Home
d_0ba6dc4b,cf4f2379,ayla,window_sensor,2.1.0,Home
d_0d613881,51a7765c,ayla,thermostat,2.1.0,Home
d_5ffcd938,9b852022,ayla,window_sensor,3.5.beta,Home
d_1f8085ce,2f555493,tuya,fan,1.0.0,Office
d_05655d2b,,ayla,door_sensor,2.1.0,Office
d_1aa86512,19ffed8f,ayla,door_sensor,1.0.0,Home
d_cbed980f,c829f842,tuya,smart_bulb,1.0.0,Home
d_def376be,f41317b2,ayla,window_sensor,2.1.0,
d_8e7d3e66,9bf8d883,ayla,thermostat,1.0.0,Home
d_0c797082,d31aa0e7,tuya,smart_bulb,1.0.0,
d_57821721,a66a0e16,tuya,smart_bulb,2.1.0,Cottage
d_a92b6599,0c005a49,ayla,window_sensor,3.5.beta,
d_cfca933d,6b714ba1,ayla,thermostat,1.0.3,
d_1cf9fa6e,cee35935,ayla,legrand_switch,2.1.0,Office
d_062b6392,c010d249,tuya,fan,1.0.0,
d_19bdea5e,c415d264,ayla,legrand_switch,1.0.3,Home
d_edfc8743,a1b837b7,ayla,window_sensor,1.0.3,Cottage
d_43ea782b,739b720a,ayla,window_sensor,2.1.0,Office
d_a5deb4db,7a87edf5,ayla,window_sensor,2.1.0,Home
d_b7e1359a,25e709fc,ayla,legrand_switch,3.5.beta,Home
d_0d50a583,a1b837b7,tuya,heater,2.1.0,Office
d_83dadeb0,a37c5cb4,tuya,heater,1.0.0,
d_20e3a3aa,391c65f2,tuya,fan,1.0.3,Home
d_cbfe943e,d31aa0e7,tuya,smart_bulb,3.5.beta,
d_fd72d9e3,739b720a,ayla,thermostat,2.1.0,Cottage
d_66c4cd5f,a917e92b,tuya,smart_bulb,1.0.0,Home
d_f3d8a6ec,cf4f2379,tuya,smart_plug,1.0.3,Home
d_cfa2693d,6d87fa3e,ayla,thermostat,3.5.beta,Home
d_6e7a07d9,45f415fb,ayla,door_sensor,3.5.beta,Office
d_485e662b,,tuya,smart_plug,1.0.3,Home
d_cbeede04,a1b837b7,ayla,legrand_switch,3.5.beta,Home
d_e4f45dfc,a55806bf,tuya,fan,1.0.0,Home
d_da36c05b,0a5c6284,tuya,smart_bulb,2.1.0,
d_0d67ed44,376835df,tuya,smart_plug,1.0.3,Home
d_33ee9c33,7c0627b7,tuya,smart_plug,3.5.beta,
d_c6d38a87,9a24f566,tuya,smart_bulb,3.5.beta,Cottage
d_1ff3c87a,7994ea81,tuya,smart_bulb,2.1.0,Home
d_bd3d5d57,9b543594,tuya,smart_bulb,2.1.0,
d_4226978a,376835df,tuya,smart_plug,3.5.beta,Office
d_af9313d8,ea303154,ayla,window_sensor,1.0.0,Home
d_8e9f9014,afb63c59,ayla,thermostat,1.0.3,Home
d_d76caf95,a66a0e16,ayla,window_sensor,3.5.beta,Office
d_a4351565,51a7765c,tuya,smart_bulb,1.0.3,Cottage
d_90168728,46b452d6,tuya,heater,3.5.beta,Cottage
d_fa3aaba3,17c9160d,ayla,door_sensor,1.0.3,Home
d_73997982,17c9160d,tuya,heater,3.5.beta,
d_b351ee0f,a148fb65,tuya,smart_bulb,3.5.beta,Office
d_af70eb74,cd6e76a2,tuya,heater,1.0.3,Cottage
d_7e62360f,9bf8d883,ayla,window_sensor,1.0.0,
d_aa70926e,76c88cbb,tuya,heater,2.1.0,Office
d_c842f77d,33b1ad0b,ayla,door_sensor,1.0.3,Home
d_e5776d92,376835df,ayla,legrand_switch,1.0.3,Office
d_9f01e3d6,74fa4924,ayla,door_sensor,3.5.beta,Office
